DateID,Date,Day,Month,Quarter,Year
20260101,2026-01-01,1,January,1,2026
20260102,2026-01-02,2,January,1,2026
20260103,2026-01-03,3,January,1,2026
20260104,2026-01-04,4,January,1,2026
20260105,2026-01-05,5,January,1,2026
20260106,2026-01-06,6,January,1,2026
20260107,2026-01-07,7,January,1,2026
20260108,2026-01-08,8,January,1,2026
20260109,2026-01-09,9,January,1,2026
20260110,2026-01-10,10,January,1,2026
20260111,2026-01-11,11,January,1,2026
20260112,2026-01-12,12,January,1,2026
20260113,2026-01-13,13,January,1,2026
20260114,2026-01-14,14,January,1,2026
20260115,2026-01-15,15,January,1,2026
20260116,2026-01-16,16,January,1,2026
20260117,2026-01-17,17,January,1,2026
20260118,2026-01-18,18,January,1,2026
20260119,2026-01-19,19,January,1,2026
20260120,2026-01-20,20,January,1,2026
20260121,2026-01-21,21,January,1,2026
20260122,2026-01-22,22,January,1,2026
20260123,2026-01-23,23,January,1,2026
20260124,2026-01-24,24,January,1,2026
20260125,2026-01-25,25,January,1,2026
20260126,2026-01-26,26,January,1,2026
20260127,2026-01-27,27,January,1,2026
20260128,2026-01-28,28,January,1,2026
20260129,2026-01-29,29,January,1,2026
20260130,2026-01-30,30,January,1,2026
20260131,2026-01-31,31,January,1,2026
20260201,2026-02-01,1,February,1,2026
20260202,2026-02-02,2,February,1,2026
20260203,2026-02-03,3,February,1,2026
20260204,2026-02-04,4,February,1,2026
20260205,2026-02-05,5,February,1,2026
20260206,2026-02-06,6,February,1,2026
20260207,2026-02-07,7,February,1,2026
20260208,2026-02-08,8,February,1,2026
20260209,2026-02-09,9,February,1,2026
20260210,2026-02-10,10,February,1,2026
20260211,2026-02-11,11,February,1,2026
20260212,2026-02-12,12,February,1,2026
20260213,2026-02-13,13,February,1,2026
20260214,2026-02-14,14,February,1,2026
20260215,2026-02-15,15,February,1,2026
20260216,2026-02-16,16,February,1,2026
20260217,2026-02-17,17,February,1,2026
20260218,2026-02-18,18,February,1,2026
20260219,2026-02-19,19,February,1,2026
20260220,2026-02-20,20,February,1,2026
20260221,2026-02-21,21,February,1,2026
20260222,2026-02-22,22,February,1,2026
20260223,2026-02-23,23,February,1,2026
20260224,2026-02-24,24,February,1,2026
20260225,2026-02-25,25,February,1,2026
20260226,2026-02-26,26,February,1,2026
20260227,2026-02-27,27,February,1,2026
20260228,2026-02-28,28,February,1,2026
20260301,2026-03-01,1,March,1,2026
20260302,2026-03-02,2,March,1,2026
20260303,2026-03-03,3,March,1,2026
20260304,2026-03-04,4,March,1,2026
20260305,2026-03-05,5,March,1,2026
20260306,2026-03-06,6,March,1,2026
20260307,2026-03-07,7,March,1,2026
20260308,2026-03-08,8,March,1,2026
20260309,2026-03-09,9,March,1,2026
20260310,2026-03-10,10,March,1,2026
20260311,2026-03-11,11,March,1,2026
20260312,2026-03-12,12,March,1,2026
20260313,2026-03-13,13,March,1,2026
20260314,2026-03-14,14,March,1,2026
20260315,2026-03-15,15,March,1,2026
20260316,2026-03-16,16,March,1,2026
20260317,2026-03-17,17,March,1,2026
20260318,2026-03-18,18,March,1,2026
20260319,2026-03-19,19,March,1,2026
20260320,2026-03-20,20,March,1,2026
20260321,2026-03-21,21,March,1,2026
20260322,2026-03-22,22,March,1,2026
20260323,2026-03-23,23,March,1,2026
20260324,2026-03-24,24,March,1,2026
20260325,2026-03-25,25,March,1,2026
20260326,2026-03-26,26,March,1,2026
20260327,2026-03-27,27,March,1,2026
20260328,2026-03-28,28,March,1,2026
20260329,2026-03-29,29,March,1,2026
20260330,2026-03-30,30,March,1,2026
20260331,2026-03-31,31,March,1,2026
20260401,2026-04-01,1,April,2,2026
20260402,2026-04-02,2,April,2,2026
20260403,2026-04-03,3,April,2,2026
20260404,2026-04-04,4,April,2,2026
20260405,2026-04-05,5,April,2,2026
20260406,2026-04-06,6,April,2,2026
20260407,2026-04-07,7,April,2,2026
20260408,2026-04-08,8,April,2,2026
20260409,2026-04-09,9,April,2,2026
20260410,2026-04-10,10,April,2,2026
20260411,2026-04-11,11,April,2,2026
20260412,2026-04-12,12,April,2,2026
20260413,2026-04-13,13,April,2,2026
20260414,2026-04-14,14,April,2,2026
20260415,2026-04-15,15,April,2,2026
20260416,2026-04-16,16,April,2,2026
20260417,2026-04-17,17,April,2,2026
20260418,2026-04-18,18,April,2,2026
20260419,2026-04-19,19,April,2,2026
20260420,2026-04-20,20,April,2,2026
20260421,2026-04-21,21,April,2,2026
20260422,2026-04-22,22,April,2,2026
20260423,2026-04-23,23,April,2,2026
20260424,2026-04-24,24,April,2,2026
20260425,2026-04-25,25,April,2,2026
20260426,2026-04-26,26,April,2,2026
20260427,2026-04-27,27,April,2,2026
20260428,2026-04-28,28,April,2,2026
20260429,2026-04-29,29,April,2,2026
20260430,2026-04-30,30,April,2,2026
20260501,2026-05-01,1,May,2,2026
20260502,2026-05-02,2,May,2,2026
20260503,2026-05-03,3,May,2,2026
20260504,2026-05-04,4,May,2,2026
20260505,2026-05-05,5,May,2,2026
20260506,2026-05-06,6,May,2,2026
20260507,2026-05-07,7,May,2,2026
20260508,2026-05-08,8,May,2,2026
20260509,2026-05-09,9,May,2,2026
20260510,2026-05-10,10,May,2,2026
20260511,2026-05-11,11,May,2,2026
20260512,2026-05-12,12,May,2,2026
20260513,2026-05-13,13,May,2,2026
20260514,2026-05-14,14,May,2,2026
20260515,2026-05-15,15,May,2,2026
20260516,2026-05-16,16,May,2,2026
20260517,2026-05-17,17,May,2,2026
20260518,2026-05-18,18,May,2,2026
20260519,2026-05-19,19,May,2,2026
20260520,2026-05-20,20,May,2,2026
20260521,2026-05-21,21,May,2,2026
20260522,2026-05-22,22,May,2,2026
20260523,2026-05-23,23,May,2,2026
20260524,2026-05-24,24,May,2,2026
20260525,2026-05-25,25,May,2,2026
20260526,2026-05-26,26,May,2,2026
20260527,2026-05-27,27,May,2,2026
20260528,2026-05-28,28,May,2,2026
20260529,2026-05-29,29,May,2,2026
20260530,2026-05-30,30,May,2,2026
20260531,2026-05-31,31,May,2,2026
20260601,2026-06-01,1,June,2,2026
20260602,2026-06-02,2,June,2,2026
20260603,2026-06-03,3,June,2,2026
20260604,2026-06-04,4,June,2,2026
20260605,2026-06-05,5,June,2,2026
20260606,2026-06-06,6,June,2,2026
20260607,2026-06-07,7,June,2,2026
20260608,2026-06-08,8,June,2,2026
20260609,2026-06-09,9,June,2,2026
20260610,2026-06-10,10,June,2,2026
20260611,2026-06-11,11,June,2,2026
20260612,2026-06-12,12,June,2,2026
20260613,2026-06-13,13,June,2,2026
20260614,2026-06-14,14,June,2,2026
20260615,2026-06-15,15,June,2,2026
20260616,2026-06-16,16,June,2,2026
20260617,2026-06-17,17,June,2,2026
20260618,2026-06-18,18,June,2,2026
20260619,2026-06-19,19,June,2,2026
20260620,2026-06-20,20,June,2,2026
20260621,2026-06-21,21,June,2,2026
20260622,2026-06-22,22,June,2,2026
20260623,2026-06-23,23,June,2,2026
20260624,2026-06-24,24,June,2,2026
20260625,2026-06-25,25,June,2,2026
20260626,2026-06-26,26,June,2,2026
20260627,2026-06-27,27,June,2,2026
20260628,2026-06-28,28,June,2,2026
20260629,2026-06-29,29,June,2,2026
20260630,2026-06-30,30,June,2,2026
20260701,2026-07-01,1,July,3,2026
20260702,2026-07-02,2,July,3,2026
20260703,2026-07-03,3,July,3,2026
20260704,2026-07-04,4,July,3,2026
20260705,2026-07-05,5,July,3,2026
20260706,2026-07-06,6,July,3,2026
20260707,2026-07-07,7,July,3,2026
20260708,2026-07-08,8,July,3,2026
20260709,2026-07-09,9,July,3,2026
20260710,2026-07-10,10,July,3,2026
20260711,2026-07-11,11,July,3,2026
20260712,2026-07-12,12,July,3,2026
20260713,2026-07-13,13,July,3,2026
20260714,2026-07-14,14,July,3,2026
20260715,2026-07-15,15,July,3,2026
20260716,2026-07-16,16,July,3,2026
20260717,2026-07-17,17,July,3,2026
20260718,2026-07-18,18,July,3,2026
20260719,2026-07-19,19,July,3,2026
20260720,2026-07-20,20,July,3,2026
20260721,2026-07-21,21,July,3,2026
20260722,2026-07-22,22,July,3,2026
20260723,2026-07-23,23,July,3,2026
20260724,2026-07-24,24,July,3,2026
20260725,2026-07-25,25,July,3,2026
20260726,2026-07-26,26,July,3,2026
20260727,2026-07-27,27,July,3,2026
20260728,2026-07-28,28,July,3,2026
20260729,2026-07-29,29,July,3,2026
20260730,2026-07-30,30,July,3,2026
20260731,2026-07-31,31,July,3,2026
20260801,2026-08-01,1,August,3,2026
20260802,2026-08-02,2,August,3,2026
20260803,2026-08-03,3,August,3,2026
20260804,2026-08-04,4,August,3,2026
20260805,2026-08-05,5,August,3,2026
20260806,2026-08-06,6,August,3,2026
20260807,2026-08-07,7,August,3,2026
20260808,2026-08-08,8,August,3,2026
20260809,2026-08-09,9,August,3,2026
20260810,2026-08-10,10,August,3,2026
20260811,2026-08-11,11,August,3,2026
20260812,2026-08-12,12,August,3,2026
20260813,2026-08-13,13,August,3,2026
20260814,2026-08-14,14,August,3,2026
20260815,2026-08-15,15,August,3,2026
20260816,2026-08-16,16,August,3,2026
20260817,2026-08-17,17,August,3,2026
20260818,2026-08-18,18,August,3,2026
20260819,2026-08-19,19,August,3,2026
20260820,2026-08-20,20,August,3,2026
20260821,2026-08-21,21,August,3,2026
20260822,2026-08-22,22,August,3,2026
20260823,2026-08-23,23,August,3,2026
20260824,2026-08-24,24,August,3,2026
20260825,2026-08-25,25,August,3,2026
20260826,2026-08-26,26,August,3,2026
20260827,2026-08-27,27,August,3,2026
20260828,2026-08-28,28,August,3,2026
20260829,2026-08-29,29,August,3,2026
20260830,2026-08-30,30,August,3,2026
20260831,2026-08-31,31,August,3,2026
20260901,2026-09-01,1,September,3,2026
20260902,2026-09-02,2,September,3,2026
20260903,2026-09-03,3,September,3,2026
20260904,2026-09-04,4,September,3,2026
20260905,2026-09-05,5,September,3,2026
20260906,2026-09-06,6,September,3,2026
20260907,2026-09-07,7,September,3,2026
20260908,2026-09-08,8,September,3,2026
20260909,2026-09-09,9,September,3,2026
20260910,2026-09-10,10,September,3,2026
20260911,2026-09-11,11,September,3,2026
20260912,2026-09-12,12,September,3,2026
20260913,2026-09-13,13,September,3,2026
20260914,2026-09-14,14,September,3,2026
20260915,2026-09-15,15,September,3,2026
20260916,2026-09-16,16,September,3,2026
20260917,2026-09-17,17,September,3,2026
20260918,2026-09-18,18,September,3,2026
20260919,2026-09-19,19,September,3,2026
20260920,2026-09-20,20,September,3,2026
20260921,2026-09-21,21,September,3,2026
20260922,2026-09-22,22,September,3,2026
20260923,2026-09-23,23,September,3,2026
20260924,2026-09-24,24,September,3,2026
20260925,2026-09-25,25,September,3,2026
20260926,2026-09-26,26,September,3,2026
20260927,2026-09-27,27,September,3,2026
20260928,2026-09-28,28,September,3,2026
20260929,2026-09-29,29,September,3,2026
20260930,2026-09-30,30,September,3,2026
20261001,2026-10-01,1,October,4,2026
20261002,2026-10-02,2,October,4,2026
20261003,2026-10-03,3,October,4,2026
20261004,2026-10-04,4,October,4,2026
20261005,2026-10-05,5,October,4,2026
20261006,2026-10-06,6,October,4,2026
20261007,2026-10-07,7,October,4,2026
20261008,2026-10-08,8,October,4,2026
20261009,2026-10-09,9,October,4,2026
20261010,2026-10-10,10,October,4,2026
20261011,2026-10-11,11,October,4,2026
20261012,2026-10-12,12,October,4,2026
20261013,2026-10-13,13,October,4,2026
20261014,2026-10-14,14,October,4,2026
20261015,2026-10-15,15,October,4,2026
20261016,2026-10-16,16,October,4,2026
20261017,2026-10-17,17,October,4,2026
20261018,2026-10-18,18,October,4,2026
20261019,2026-10-19,19,October,4,2026
20261020,2026-10-20,20,October,4,2026
20261021,2026-10-21,21,October,4,2026
20261022,2026-10-22,22,October,4,2026
20261023,2026-10-23,23,October,4,2026
20261024,2026-10-24,24,October,4,2026
20261025,2026-10-25,25,October,4,2026
20261026,2026-10-26,26,October,4,2026
20261027,2026-10-27,27,October,4,2026
20261028,2026-10-28,28,October,4,2026
20261029,2026-10-29,29,October,4,2026
20261030,2026-10-30,30,October,4,2026
20261031,2026-10-31,31,October,4,2026
20261101,2026-11-01,1,November,4,2026
20261102,2026-11-02,2,November,4,2026
20261103,2026-11-03,3,November,4,2026
20261104,2026-11-04,4,November,4,2026
20261105,2026-11-05,5,November,4,2026
20261106,2026-11-06,6,November,4,2026
20261107,2026-11-07,7,November,4,2026
20261108,2026-11-08,8,November,4,2026
20261109,2026-11-09,9,November,4,2026
20261110,2026-11-10,10,November,4,2026
20261111,2026-11-11,11,November,4,2026
20261112,2026-11-12,12,November,4,2026
20261113,2026-11-13,13,November,4,2026
20261114,2026-11-14,14,November,4,2026
20261115,2026-11-15,15,November,4,2026
20261116,2026-11-16,16,November,4,2026
20261117,2026-11-17,17,November,4,2026
20261118,2026-11-18,18,November,4,2026
20261119,2026-11-19,19,November,4,2026
20261120,2026-11-20,20,November,4,2026
20261121,2026-11-21,21,November,4,2026
20261122,2026-11-22,22,November,4,2026
20261123,2026-11-23,23,November,4,2026
20261124,2026-11-24,24,November,4,2026
20261125,2026-11-25,25,November,4,2026
20261126,2026-11-26,26,November,4,2026
20261127,2026-11-27,27,November,4,2026
20261128,2026-11-28,28,November,4,2026
20261129,2026-11-29,29,November,4,2026
20261130,2026-11-30,30,November,4,2026
20261201,2026-12-01,1,December,4,2026
20261202,2026-12-02,2,December,4,2026
20261203,2026-12-03,3,December,4,2026
20261204,2026-12-04,4,December,4,2026
20261205,2026-12-05,5,December,4,2026
20261206,2026-12-06,6,December,4,2026
20261207,2026-12-07,7,December,4,2026
20261208,2026-12-08,8,December,4,2026
20261209,2026-12-09,9,December,4,2026
20261210,2026-12-10,10,December,4,2026
20261211,2026-12-11,11,December,4,2026
20261212,2026-12-12,12,December,4,2026
20261213,2026-12-13,13,December,4,2026
20261214,2026-12-14,14,December,4,2026
20261215,2026-12-15,15,December,4,2026
20261216,2026-12-16,16,December,4,2026
20261217,2026-12-17,17,December,4,2026
20261218,2026-12-18,18,December,4,2026
20261219,2026-12-19,19,December,4,2026
20261220,2026-12-20,20,December,4,2026
20261221,2026-12-21,21,December,4,2026
20261222,2026-12-22,22,December,4,2026
20261223,2026-12-23,23,December,4,2026
20261224,2026-12-24,24,December,4,2026
20261225,2026-12-25,25,December,4,2026
20261226,2026-12-26,26,December,4,2026
20261227,2026-12-27,27,December,4,2026
20261228,2026-12-28,28,December,4,2026
20261229,2026-12-29,29,December,4,2026
20261230,2026-12-30,30,December,4,2026
20261231,2026-12-31,31,December,4,2026
20270101,2027-01-01,1,January,1,2027
20270102,2027-01-02,2,January,1,2027
20270103,2027-01-03,3,January,1,2027
20270104,2027-01-04,4,January,1,2027
20270105,2027-01-05,5,January,1,2027
20270106,2027-01-06,6,January,1,2027
20270107,2027-01-07,7,January,1,2027
20270108,2027-01-08,8,January,1,2027
20270109,2027-01-09,9,January,1,2027
20270110,2027-01-10,10,January,1,2027
20270111,2027-01-11,11,January,1,2027
20270112,2027-01-12,12,January,1,2027
20270113,2027-01-13,13,January,1,2027
20270114,2027-01-14,14,January,1,2027
20270115,2027-01-15,15,January,1,2027
20270116,2027-01-16,16,January,1,2027
20270117,2027-01-17,17,January,1,2027
20270118,2027-01-18,18,January,1,2027
20270119,2027-01-19,19,January,1,2027
20270120,2027-01-20,20,January,1,2027
20270121,2027-01-21,21,January,1,2027
20270122,2027-01-22,22,January,1,2027
20270123,2027-01-23,23,January,1,2027
20270124,2027-01-24,24,January,1,2027
20270125,2027-01-25,25,January,1,2027
20270126,2027-01-26,26,January,1,2027
20270127,2027-01-27,27,January,1,2027
20270128,2027-01-28,28,January,1,2027
20270129,2027-01-29,29,January,1,2027
20270130,2027-01-30,30,January,1,2027
20270131,2027-01-31,31,January,1,2027
20270201,2027-02-01,1,February,1,2027
20270202,2027-02-02,2,February,1,2027
20270203,2027-02-03,3,February,1,2027
20270204,2027-02-04,4,February,1,2027
20270205,2027-02-05,5,February,1,2027
20270206,2027-02-06,6,February,1,2027
20270207,2027-02-07,7,February,1,2027
20270208,2027-02-08,8,February,1,2027
20270209,2027-02-09,9,February,1,2027
20270210,2027-02-10,10,February,1,2027
20270211,2027-02-11,11,February,1,2027
20270212,2027-02-12,12,February,1,2027
20270213,2027-02-13,13,February,1,2027
20270214,2027-02-14,14,February,1,2027
20270215,2027-02-15,15,February,1,2027
20270216,2027-02-16,16,February,1,2027
20270217,2027-02-17,17,February,1,2027
20270218,2027-02-18,18,February,1,2027
20270219,2027-02-19,19,February,1,2027
20270220,2027-02-20,20,February,1,2027
20270221,2027-02-21,21,February,1,2027
20270222,2027-02-22,22,February,1,2027
20270223,2027-02-23,23,February,1,2027
20270224,2027-02-24,24,February,1,2027
20270225,2027-02-25,25,February,1,2027
20270226,2027-02-26,26,February,1,2027
20270227,2027-02-27,27,February,1,2027
20270228,2027-02-28,28,February,1,2027
20270301,2027-03-01,1,March,1,2027
20270302,2027-03-02,2,March,1,2027
20270303,2027-03-03,3,March,1,2027
20270304,2027-03-04,4,March,1,2027
20270305,2027-03-05,5,March,1,2027
20270306,2027-03-06,6,March,1,2027
20270307,2027-03-07,7,March,1,2027
20270308,2027-03-08,8,March,1,2027
20270309,2027-03-09,9,March,1,2027
20270310,2027-03-10,10,March,1,2027
20270311,2027-03-11,11,March,1,2027
20270312,2027-03-12,12,March,1,2027
20270313,2027-03-13,13,March,1,2027
20270314,2027-03-14,14,March,1,2027
20270315,2027-03-15,15,March,1,2027
20270316,2027-03-16,16,March,1,2027
20270317,2027-03-17,17,March,1,2027
20270318,2027-03-18,18,March,1,2027
20270319,2027-03-19,19,March,1,2027
20270320,2027-03-20,20,March,1,2027
20270321,2027-03-21,21,March,1,2027
20270322,2027-03-22,22,March,1,2027
20270323,2027-03-23,23,March,1,2027
20270324,2027-03-24,24,March,1,2027
20270325,2027-03-25,25,March,1,2027
20270326,2027-03-26,26,March,1,2027
20270327,2027-03-27,27,March,1,2027
20270328,2027-03-28,28,March,1,2027
20270329,2027-03-29,29,March,1,2027
20270330,2027-03-30,30,March,1,2027
20270331,2027-03-31,31,March,1,2027
20270401,2027-04-01,1,April,2,2027
20270402,2027-04-02,2,April,2,2027
20270403,2027-04-03,3,April,2,2027
20270404,2027-04-04,4,April,2,2027
20270405,2027-04-05,5,April,2,2027
20270406,2027-04-06,6,April,2,2027
20270407,2027-04-07,7,April,2,2027
20270408,2027-04-08,8,April,2,2027
20270409,2027-04-09,9,April,2,2027
20270410,2027-04-10,10,April,2,2027
20270411,2027-04-11,11,April,2,2027
20270412,2027-04-12,12,April,2,2027
20270413,2027-04-13,13,April,2,2027
20270414,2027-04-14,14,April,2,2027
20270415,2027-04-15,15,April,2,2027
20270416,2027-04-16,16,April,2,2027
20270417,2027-04-17,17,April,2,2027
20270418,2027-04-18,18,April,2,2027
20270419,2027-04-19,19,April,2,2027
20270420,2027-04-20,20,April,2,2027
20270421,2027-04-21,21,April,2,2027
20270422,2027-04-22,22,April,2,2027
20270423,2027-04-23,23,April,2,2027
20270424,2027-04-24,24,April,2,2027
20270425,2027-04-25,25,April,2,2027
20270426,2027-04-26,26,April,2,2027
20270427,2027-04-27,27,April,2,2027
20270428,2027-04-28,28,April,2,2027
20270429,2027-04-29,29,April,2,2027
20270430,2027-04-30,30,April,2,2027
20270501,2027-05-01,1,May,2,2027
20270502,2027-05-02,2,May,2,2027
20270503,2027-05-03,3,May,2,2027
20270504,2027-05-04,4,May,2,2027
20270505,2027-05-05,5,May,2,2027
20270506,2027-05-06,6,May,2,2027
20270507,2027-05-07,7,May,2,2027
20270508,2027-05-08,8,May,2,2027
20270509,2027-05-09,9,May,2,2027
20270510,2027-05-10,10,May,2,2027
20270511,2027-05-11,11,May,2,2027
20270512,2027-05-12,12,May,2,2027
20270513,2027-05-13,13,May,2,2027
20270514,2027-05-14,14,May,2,2027
20270515,2027-05-15,15,May,2,2027
20270516,2027-05-16,16,May,2,2027
20270517,2027-05-17,17,May,2,2027
20270518,2027-05-18,18,May,2,2027
20270519,2027-05-19,19,May,2,2027
20270520,2027-05-20,20,May,2,2027
20270521,2027-05-21,21,May,2,2027
20270522,2027-05-22,22,May,2,2027
20270523,2027-05-23,23,May,2,2027
20270524,2027-05-24,24,May,2,2027
20270525,2027-05-25,25,May,2,2027
20270526,2027-05-26,26,May,2,2027
20270527,2027-05-27,27,May,2,2027
20270528,2027-05-28,28,May,2,2027
20270529,2027-05-29,29,May,2,2027
20270530,2027-05-30,30,May,2,2027
20270531,2027-05-31,31,May,2,2027
20270601,2027-06-01,1,June,2,2027
20270602,2027-06-02,2,June,2,2027
20270603,2027-06-03,3,June,2,2027
20270604,2027-06-04,4,June,2,2027
20270605,2027-06-05,5,June,2,2027
20270606,2027-06-06,6,June,2,2027
20270607,2027-06-07,7,June,2,2027
20270608,2027-06-08,8,June,2,2027
20270609,2027-06-09,9,June,2,2027
20270610,2027-06-10,10,June,2,2027
20270611,2027-06-11,11,June,2,2027
20270612,2027-06-12,12,June,2,2027
20270613,2027-06-13,13,June,2,2027
20270614,2027-06-14,14,June,2,2027
20270615,2027-06-15,15,June,2,2027
20270616,2027-06-16,16,June,2,2027
20270617,2027-06-17,17,June,2,2027
20270618,2027-06-18,18,June,2,2027
20270619,2027-06-19,19,June,2,2027
20270620,2027-06-20,20,June,2,2027
20270621,2027-06-21,21,June,2,2027
20270622,2027-06-22,22,June,2,2027
20270623,2027-06-23,23,June,2,2027
20270624,2027-06-24,24,June,2,2027
20270625,2027-06-25,25,June,2,2027
20270626,2027-06-26,26,June,2,2027
20270627,2027-06-27,27,June,2,2027
20270628,2027-06-28,28,June,2,2027
20270629,2027-06-29,29,June,2,2027
20270630,2027-06-30,30,June,2,2027
20270701,2027-07-01,1,July,3,2027
20270702,2027-07-02,2,July,3,2027
20270703,2027-07-03,3,July,3,2027
20270704,2027-07-04,4,July,3,2027
20270705,2027-07-05,5,July,3,2027
20270706,2027-07-06,6,July,3,2027
20270707,2027-07-07,7,July,3,2027
20270708,2027-07-08,8,July,3,2027
20270709,2027-07-09,9,July,3,2027
20270710,2027-07-10,10,July,3,2027
20270711,2027-07-11,11,July,3,2027
20270712,2027-07-12,12,July,3,2027
20270713,2027-07-13,13,July,3,2027
20270714,2027-07-14,14,July,3,2027
20270715,2027-07-15,15,July,3,2027
20270716,2027-07-16,16,July,3,2027
20270717,2027-07-17,17,July,3,2027
20270718,2027-07-18,18,July,3,2027
20270719,2027-07-19,19,July,3,2027
20270720,2027-07-20,20,July,3,2027
20270721,2027-07-21,21,July,3,2027
20270722,2027-07-22,22,July,3,2027
20270723,2027-07-23,23,July,3,2027
20270724,2027-07-24,24,July,3,2027
20270725,2027-07-25,25,July,3,2027
20270726,2027-07-26,26,July,3,2027
20270727,2027-07-27,27,July,3,2027
20270728,2027-07-28,28,July,3,2027
20270729,2027-07-29,29,July,3,2027
20270730,2027-07-30,30,July,3,2027
20270731,2027-07-31,31,July,3,2027
20270801,2027-08-01,1,August,3,2027
20270802,2027-08-02,2,August,3,2027
20270803,2027-08-03,3,August,3,2027
20270804,2027-08-04,4,August,3,2027
20270805,2027-08-05,5,August,3,2027
20270806,2027-08-06,6,August,3,2027
20270807,2027-08-07,7,August,3,2027
20270808,2027-08-08,8,August,3,2027
20270809,2027-08-09,9,August,3,2027
20270810,2027-08-10,10,August,3,2027
20270811,2027-08-11,11,August,3,2027
20270812,2027-08-12,12,August,3,2027
20270813,2027-08-13,13,August,3,2027
20270814,2027-08-14,14,August,3,2027
20270815,2027-08-15,15,August,3,2027
20270816,2027-08-16,16,August,3,2027
20270817,2027-08-17,17,August,3,2027
20270818,2027-08-18,18,August,3,2027
20270819,2027-08-19,19,August,3,2027
20270820,2027-08-20,20,August,3,2027
20270821,2027-08-21,21,August,3,2027
20270822,2027-08-22,22,August,3,2027
20270823,2027-08-23,23,August,3,2027
20270824,2027-08-24,24,August,3,2027
20270825,2027-08-25,25,August,3,2027
20270826,2027-08-26,26,August,3,2027
20270827,2027-08-27,27,August,3,2027
20270828,2027-08-28,28,August,3,2027
20270829,2027-08-29,29,August,3,2027
20270830,2027-08-30,30,August,3,2027
20270831,2027-08-31,31,August,3,2027
20270901,2027-09-01,1,September,3,2027
20270902,2027-09-02,2,September,3,2027
20270903,2027-09-03,3,September,3,2027
20270904,2027-09-04,4,September,3,2027
20270905,2027-09-05,5,September,3,2027
20270906,2027-09-06,6,September,3,2027
20270907,2027-09-07,7,September,3,2027
20270908,2027-09-08,8,September,3,2027
20270909,2027-09-09,9,September,3,2027
20270910,2027-09-10,10,September,3,2027
20270911,2027-09-11,11,September,3,2027
20270912,2027-09-12,12,September,3,2027
20270913,2027-09-13,13,September,3,2027
20270914,2027-09-14,14,September,3,2027
20270915,2027-09-15,15,September,3,2027
20270916,2027-09-16,16,September,3,2027
20270917,2027-09-17,17,September,3,2027
20270918,2027-09-18,18,September,3,2027
20270919,2027-09-19,19,September,3,2027
20270920,2027-09-20,20,September,3,2027
20270921,2027-09-21,21,September,3,2027
20270922,2027-09-22,22,September,3,2027
20270923,2027-09-23,23,September,3,2027
20270924,2027-09-24,24,September,3,2027
20270925,2027-09-25,25,September,3,2027
20270926,2027-09-26,26,September,3,2027
20270927,2027-09-27,27,September,3,2027
20270928,2027-09-28,28,September,3,2027
20270929,2027-09-29,29,September,3,2027
20270930,2027-09-30,30,September,3,2027
20271001,2027-10-01,1,October,4,2027
20271002,2027-10-02,2,October,4,2027
20271003,2027-10-03,3,October,4,2027
20271004,2027-10-04,4,October,4,2027
20271005,2027-10-05,5,October,4,2027
20271006,2027-10-06,6,October,4,2027
20271007,2027-10-07,7,October,4,2027
20271008,2027-10-08,8,October,4,2027
20271009,2027-10-09,9,October,4,2027
20271010,2027-10-10,10,October,4,2027
20271011,2027-10-11,11,October,4,2027
20271012,2027-10-12,12,October,4,2027
20271013,2027-10-13,13,October,4,2027
20271014,2027-10-14,14,October,4,2027
20271015,2027-10-15,15,October,4,2027
20271016,2027-10-16,16,October,4,2027
20271017,2027-10-17,17,October,4,2027
20271018,2027-10-18,18,October,4,2027
20271019,2027-10-19,19,October,4,2027
20271020,2027-10-20,20,October,4,2027
20271021,2027-10-21,21,October,4,2027
20271022,2027-10-22,22,October,4,2027
20271023,2027-10-23,23,October,4,2027
20271024,2027-10-24,24,October,4,2027
20271025,2027-10-25,25,October,4,2027
20271026,2027-10-26,26,October,4,2027
20271027,2027-10-27,27,October,4,2027
20271028,2027-10-28,28,October,4,2027
20271029,2027-10-29,29,October,4,2027
20271030,2027-10-30,30,October,4,2027
20271031,2027-10-31,31,October,4,2027
20271101,2027-11-01,1,November,4,2027
20271102,2027-11-02,2,November,4,2027
20271103,2027-11-03,3,November,4,2027
20271104,2027-11-04,4,November,4,2027
20271105,2027-11-05,5,November,4,2027
20271106,2027-11-06,6,November,4,2027
20271107,2027-11-07,7,November,4,2027
20271108,2027-11-08,8,November,4,2027
20271109,2027-11-09,9,November,4,2027
20271110,2027-11-10,10,November,4,2027
20271111,2027-11-11,11,November,4,2027
20271112,2027-11-12,12,November,4,2027
20271113,2027-11-13,13,November,4,2027
20271114,2027-11-14,14,November,4,2027
20271115,2027-11-15,15,November,4,2027
20271116,2027-11-16,16,November,4,2027
20271117,2027-11-17,17,November,4,2027
20271118,2027-11-18,18,November,4,2027
20271119,2027-11-19,19,November,4,2027
20271120,2027-11-20,20,November,4,2027
20271121,2027-11-21,21,November,4,2027
20271122,2027-11-22,22,November,4,2027
20271123,2027-11-23,23,November,4,2027
20271124,2027-11-24,24,November,4,2027
20271125,2027-11-25,25,November,4,2027
20271126,2027-11-26,26,November,4,2027
20271127,2027-11-27,27,November,4,2027
20271128,2027-11-28,28,November,4,2027
20271129,2027-11-29,29,November,4,2027
20271130,2027-11-30,30,November,4,2027
20271201,2027-12-01,1,December,4,2027
20271202,2027-12-02,2,December,4,2027
20271203,2027-12-03,3,December,4,2027
20271204,2027-12-04,4,December,4,2027
20271205,2027-12-05,5,December,4,2027
20271206,2027-12-06,6,December,4,2027
20271207,2027-12-07,7,December,4,2027
20271208,2027-12-08,8,December,4,2027
20271209,2027-12-09,9,December,4,2027
20271210,2027-12-10,10,December,4,2027
20271211,2027-12-11,11,December,4,2027
20271212,2027-12-12,12,December,4,2027
20271213,2027-12-13,13,December,4,2027
20271214,2027-12-14,14,December,4,2027
20271215,2027-12-15,15,December,4,2027
20271216,2027-12-16,16,December,4,2027
20271217,2027-12-17,17,December,4,2027
20271218,2027-12-18,18,December,4,2027
20271219,2027-12-19,19,December,4,2027
20271220,2027-12-20,20,December,4,2027
20271221,2027-12-21,21,December,4,2027
20271222,2027-12-22,22,December,4,2027
20271223,2027-12-23,23,December,4,2027
20271224,2027-12-24,24,December,4,2027
20271225,2027-12-25,25,December,4,2027
20271226,2027-12-26,26,December,4,2027
20271227,2027-12-27,27,December,4,2027
20271228,2027-12-28,28,December,4,2027
20271229,2027-12-29,29,December,4,2027
20271230,2027-12-30,30,December,4,2027
20271231,2027-12-31,31,December,4,2027
20280101,2028-01-01,1,January,1,2028
20280102,2028-01-02,2,January,1,2028
20280103,2028-01-03,3,January,1,2028
20280104,2028-01-04,4,January,1,2028
20280105,2028-01-05,5,January,1,2028
20280106,2028-01-06,6,January,1,2028
20280107,2028-01-07,7,January,1,2028
20280108,2028-01-08,8,January,1,2028
20280109,2028-01-09,9,January,1,2028
20280110,2028-01-10,10,January,1,2028
20280111,2028-01-11,11,January,1,2028
20280112,2028-01-12,12,January,1,2028
20280113,2028-01-13,13,January,1,2028
20280114,2028-01-14,14,January,1,2028
20280115,2028-01-15,15,January,1,2028
20280116,2028-01-16,16,January,1,2028
20280117,2028-01-17,17,January,1,2028
20280118,2028-01-18,18,January,1,2028
20280119,2028-01-19,19,January,1,2028
20280120,2028-01-20,20,January,1,2028
20280121,2028-01-21,21,January,1,2028
20280122,2028-01-22,22,January,1,2028
20280123,2028-01-23,23,January,1,2028
20280124,2028-01-24,24,January,1,2028
20280125,2028-01-25,25,January,1,2028
20280126,2028-01-26,26,January,1,2028
20280127,2028-01-27,27,January,1,2028
20280128,2028-01-28,28,January,1,2028
20280129,2028-01-29,29,January,1,2028
20280130,2028-01-30,30,January,1,2028
20280131,2028-01-31,31,January,1,2028
20280201,2028-02-01,1,February,1,2028
20280202,2028-02-02,2,February,1,2028
20280203,2028-02-03,3,February,1,2028
20280204,2028-02-04,4,February,1,2028
20280205,2028-02-05,5,February,1,2028
20280206,2028-02-06,6,February,1,2028
20280207,2028-02-07,7,February,1,2028
20280208,2028-02-08,8,February,1,2028
20280209,2028-02-09,9,February,1,2028
20280210,2028-02-10,10,February,1,2028
20280211,2028-02-11,11,February,1,2028
20280212,2028-02-12,12,February,1,2028
20280213,2028-02-13,13,February,1,2028
20280214,2028-02-14,14,February,1,2028
20280215,2028-02-15,15,February,1,2028
20280216,2028-02-16,16,February,1,2028
20280217,2028-02-17,17,February,1,2028
20280218,2028-02-18,18,February,1,2028
20280219,2028-02-19,19,February,1,2028
20280220,2028-02-20,20,February,1,2028
20280221,2028-02-21,21,February,1,2028
20280222,2028-02-22,22,February,1,2028
20280223,2028-02-23,23,February,1,2028
20280224,2028-02-24,24,February,1,2028
20280225,2028-02-25,25,February,1,2028
20280226,2028-02-26,26,February,1,2028
20280227,2028-02-27,27,February,1,2028
20280228,2028-02-28,28,February,1,2028
20280229,2028-02-29,29,February,1,2028
20280301,2028-03-01,1,March,1,2028
20280302,2028-03-02,2,March,1,2028
20280303,2028-03-03,3,March,1,2028
20280304,2028-03-04,4,March,1,2028
20280305,2028-03-05,5,March,1,2028
20280306,2028-03-06,6,March,1,2028
20280307,2028-03-07,7,March,1,2028
20280308,2028-03-08,8,March,1,2028
20280309,2028-03-09,9,March,1,2028
20280310,2028-03-10,10,March,1,2028
20280311,2028-03-11,11,March,1,2028
20280312,2028-03-12,12,March,1,2028
20280313,2028-03-13,13,March,1,2028
20280314,2028-03-14,14,March,1,2028
20280315,2028-03-15,15,March,1,2028
20280316,2028-03-16,16,March,1,2028
20280317,2028-03-17,17,March,1,2028
20280318,2028-03-18,18,March,1,2028
20280319,2028-03-19,19,March,1,2028
20280320,2028-03-20,20,March,1,2028
20280321,2028-03-21,21,March,1,2028
20280322,2028-03-22,22,March,1,2028
20280323,2028-03-23,23,March,1,2028
20280324,2028-03-24,24,March,1,2028
20280325,2028-03-25,25,March,1,2028
20280326,2028-03-26,26,March,1,2028
20280327,2028-03-27,27,March,1,2028
20280328,2028-03-28,28,March,1,2028
20280329,2028-03-29,29,March,1,2028
20280330,2028-03-30,30,March,1,2028
20280331,2028-03-31,31,March,1,2028
20280401,2028-04-01,1,April,2,2028
20280402,2028-04-02,2,April,2,2028
20280403,2028-04-03,3,April,2,2028
20280404,2028-04-04,4,April,2,2028
20280405,2028-04-05,5,April,2,2028
20280406,2028-04-06,6,April,2,2028
20280407,2028-04-07,7,April,2,2028
20280408,2028-04-08,8,April,2,2028
20280409,2028-04-09,9,April,2,2028
20280410,2028-04-10,10,April,2,2028
20280411,2028-04-11,11,April,2,2028
20280412,2028-04-12,12,April,2,2028
20280413,2028-04-13,13,April,2,2028
20280414,2028-04-14,14,April,2,2028
20280415,2028-04-15,15,April,2,2028
20280416,2028-04-16,16,April,2,2028
20280417,2028-04-17,17,April,2,2028
20280418,2028-04-18,18,April,2,2028
20280419,2028-04-19,19,April,2,2028
20280420,2028-04-20,20,April,2,2028
20280421,2028-04-21,21,April,2,2028
20280422,2028-04-22,22,April,2,2028
20280423,2028-04-23,23,April,2,2028
20280424,2028-04-24,24,April,2,2028
20280425,2028-04-25,25,April,2,2028
20280426,2028-04-26,26,April,2,2028
20280427,2028-04-27,27,April,2,2028
20280428,2028-04-28,28,April,2,2028
20280429,2028-04-29,29,April,2,2028
20280430,2028-04-30,30,April,2,2028
20280501,2028-05-01,1,May,2,2028
20280502,2028-05-02,2,May,2,2028
20280503,2028-05-03,3,May,2,2028
20280504,2028-05-04,4,May,2,2028
20280505,2028-05-05,5,May,2,2028
20280506,2028-05-06,6,May,2,2028
20280507,2028-05-07,7,May,2,2028
20280508,2028-05-08,8,May,2,2028
20280509,2028-05-09,9,May,2,2028
20280510,2028-05-10,10,May,2,2028
20280511,2028-05-11,11,May,2,2028
20280512,2028-05-12,12,May,2,2028
20280513,2028-05-13,13,May,2,2028
20280514,2028-05-14,14,May,2,2028
20280515,2028-05-15,15,May,2,2028
20280516,2028-05-16,16,May,2,2028
20280517,2028-05-17,17,May,2,2028
20280518,2028-05-18,18,May,2,2028
20280519,2028-05-19,19,May,2,2028
20280520,2028-05-20,20,May,2,2028
20280521,2028-05-21,21,May,2,2028
20280522,2028-05-22,22,May,2,2028
20280523,2028-05-23,23,May,2,2028
20280524,2028-05-24,24,May,2,2028
20280525,2028-05-25,25,May,2,2028
20280526,2028-05-26,26,May,2,2028
20280527,2028-05-27,27,May,2,2028
20280528,2028-05-28,28,May,2,2028
20280529,2028-05-29,29,May,2,2028
20280530,2028-05-30,30,May,2,2028
20280531,2028-05-31,31,May,2,2028
20280601,2028-06-01,1,June,2,2028
20280602,2028-06-02,2,June,2,2028
20280603,2028-06-03,3,June,2,2028
20280604,2028-06-04,4,June,2,2028
20280605,2028-06-05,5,June,2,2028
20280606,2028-06-06,6,June,2,2028
20280607,2028-06-07,7,June,2,2028
20280608,2028-06-08,8,June,2,2028
20280609,2028-06-09,9,June,2,2028
20280610,2028-06-10,10,June,2,2028
20280611,2028-06-11,11,June,2,2028
20280612,2028-06-12,12,June,2,2028
20280613,2028-06-13,13,June,2,2028
20280614,2028-06-14,14,June,2,2028
20280615,2028-06-15,15,June,2,2028
20280616,2028-06-16,16,June,2,2028
20280617,2028-06-17,17,June,2,2028
20280618,2028-06-18,18,June,2,2028
20280619,2028-06-19,19,June,2,2028
20280620,2028-06-20,20,June,2,2028
20280621,2028-06-21,21,June,2,2028
20280622,2028-06-22,22,June,2,2028
20280623,2028-06-23,23,June,2,2028
20280624,2028-06-24,24,June,2,2028
20280625,2028-06-25,25,June,2,2028
20280626,2028-06-26,26,June,2,2028
20280627,2028-06-27,27,June,2,2028
20280628,2028-06-28,28,June,2,2028
20280629,2028-06-29,29,June,2,2028
20280630,2028-06-30,30,June,2,2028
20280701,2028-07-01,1,July,3,2028
20280702,2028-07-02,2,July,3,2028
20280703,2028-07-03,3,July,3,2028
20280704,2028-07-04,4,July,3,2028
20280705,2028-07-05,5,July,3,2028
20280706,2028-07-06,6,July,3,2028
20280707,2028-07-07,7,July,3,2028
20280708,2028-07-08,8,July,3,2028
20280709,2028-07-09,9,July,3,2028
20280710,2028-07-10,10,July,3,2028
20280711,2028-07-11,11,July,3,2028
20280712,2028-07-12,12,July,3,2028
20280713,2028-07-13,13,July,3,2028
20280714,2028-07-14,14,July,3,2028
20280715,2028-07-15,15,July,3,2028
20280716,2028-07-16,16,July,3,2028
20280717,2028-07-17,17,July,3,2028
20280718,2028-07-18,18,July,3,2028
20280719,2028-07-19,19,July,3,2028
20280720,2028-07-20,20,July,3,2028
20280721,2028-07-21,21,July,3,2028
20280722,2028-07-22,22,July,3,2028
20280723,2028-07-23,23,July,3,2028
20280724,2028-07-24,24,July,3,2028
20280725,2028-07-25,25,July,3,2028
20280726,2028-07-26,26,July,3,2028
20280727,2028-07-27,27,July,3,2028
20280728,2028-07-28,28,July,3,2028
20280729,2028-07-29,29,July,3,2028
20280730,2028-07-30,30,July,3,2028
20280731,2028-07-31,31,July,3,2028
20280801,2028-08-01,1,August,3,2028
20280802,2028-08-02,2,August,3,2028
20280803,2028-08-03,3,August,3,2028
20280804,2028-08-04,4,August,3,2028
20280805,2028-08-05,5,August,3,2028
20280806,2028-08-06,6,August,3,2028
20280807,2028-08-07,7,August,3,2028
20280808,2028-08-08,8,August,3,2028
20280809,2028-08-09,9,August,3,2028
20280810,2028-08-10,10,August,3,2028
20280811,2028-08-11,11,August,3,2028
20280812,2028-08-12,12,August,3,2028
20280813,2028-08-13,13,August,3,2028
20280814,2028-08-14,14,August,3,2028
20280815,2028-08-15,15,August,3,2028
20280816,2028-08-16,16,August,3,2028
20280817,2028-08-17,17,August,3,2028
20280818,2028-08-18,18,August,3,2028
20280819,2028-08-19,19,August,3,2028
20280820,2028-08-20,20,August,3,2028
20280821,2028-08-21,21,August,3,2028
20280822,2028-08-22,22,August,3,2028
20280823,2028-08-23,23,August,3,2028
20280824,2028-08-24,24,August,3,2028
20280825,2028-08-25,25,August,3,2028
20280826,2028-08-26,26,August,3,2028
20280827,2028-08-27,27,August,3,2028
20280828,2028-08-28,28,August,3,2028
20280829,2028-08-29,29,August,3,2028
20280830,2028-08-30,30,August,3,2028
20280831,2028-08-31,31,August,3,2028
20280901,2028-09-01,1,September,3,2028
20280902,2028-09-02,2,September,3,2028
20280903,2028-09-03,3,September,3,2028
20280904,2028-09-04,4,September,3,2028
20280905,2028-09-05,5,September,3,2028
20280906,2028-09-06,6,September,3,2028
20280907,2028-09-07,7,September,3,2028
20280908,2028-09-08,8,September,3,2028
20280909,2028-09-09,9,September,3,2028
20280910,2028-09-10,10,September,3,2028
20280911,2028-09-11,11,September,3,2028
20280912,2028-09-12,12,September,3,2028
20280913,2028-09-13,13,September,3,2028
20280914,2028-09-14,14,September,3,2028
20280915,2028-09-15,15,September,3,2028
20280916,2028-09-16,16,September,3,2028
20280917,2028-09-17,17,September,3,2028
20280918,2028-09-18,18,September,3,2028
20280919,2028-09-19,19,September,3,2028
20280920,2028-09-20,20,September,3,2028
20280921,2028-09-21,21,September,3,2028
20280922,2028-09-22,22,September,3,2028
20280923,2028-09-23,23,September,3,2028
20280924,2028-09-24,24,September,3,2028
20280925,2028-09-25,25,September,3,2028
20280926,2028-09-26,26,September,3,2028
20280927,2028-09-27,27,September,3,2028
20280928,2028-09-28,28,September,3,2028
20280929,2028-09-29,29,September,3,2028
20280930,2028-09-30,30,September,3,2028
20281001,2028-10-01,1,October,4,2028
20281002,2028-10-02,2,October,4,2028
20281003,2028-10-03,3,October,4,2028
20281004,2028-10-04,4,October,4,2028
20281005,2028-10-05,5,October,4,2028
20281006,2028-10-06,6,October,4,2028
20281007,2028-10-07,7,October,4,2028
20281008,2028-10-08,8,October,4,2028
20281009,2028-10-09,9,October,4,2028
20281010,2028-10-10,10,October,4,2028
20281011,2028-10-11,11,October,4,2028
20281012,2028-10-12,12,October,4,2028
20281013,2028-10-13,13,October,4,2028
20281014,2028-10-14,14,October,4,2028
20281015,2028-10-15,15,October,4,2028
20281016,2028-10-16,16,October,4,2028
20281017,2028-10-17,17,October,4,2028
20281018,2028-10-18,18,October,4,2028
20281019,2028-10-19,19,October,4,2028
20281020,2028-10-20,20,October,4,2028
20281021,2028-10-21,21,October,4,2028
20281022,2028-10-22,22,October,4,2028
20281023,2028-10-23,23,October,4,2028
20281024,2028-10-24,24,October,4,2028
20281025,2028-10-25,25,October,4,2028
20281026,2028-10-26,26,October,4,2028
20281027,2028-10-27,27,October,4,2028
20281028,2028-10-28,28,October,4,2028
20281029,2028-10-29,29,October,4,2028
20281030,2028-10-30,30,October,4,2028
20281031,2028-10-31,31,October,4,2028
20281101,2028-11-01,1,November,4,2028
20281102,2028-11-02,2,November,4,2028
20281103,2028-11-03,3,November,4,2028
20281104,2028-11-04,4,November,4,2028
20281105,2028-11-05,5,November,4,2028
20281106,2028-11-06,6,November,4,2028
20281107,2028-11-07,7,November,4,2028
20281108,2028-11-08,8,November,4,2028
20281109,2028-11-09,9,November,4,2028
20281110,2028-11-10,10,November,4,2028
20281111,2028-11-11,11,November,4,2028
20281112,2028-11-12,12,November,4,2028
20281113,2028-11-13,13,November,4,2028
20281114,2028-11-14,14,November,4,2028
20281115,2028-11-15,15,November,4,2028
20281116,2028-11-16,16,November,4,2028
20281117,2028-11-17,17,November,4,2028
20281118,2028-11-18,18,November,4,2028
20281119,2028-11-19,19,November,4,2028
20281120,2028-11-20,20,November,4,2028
20281121,2028-11-21,21,November,4,2028
20281122,2028-11-22,22,November,4,2028
20281123,2028-11-23,23,November,4,2028
20281124,2028-11-24,24,November,4,2028
20281125,2028-11-25,25,November,4,2028
20281126,2028-11-26,26,November,4,2028
20281127,2028-11-27,27,November,4,2028
20281128,2028-11-28,28,November,4,2028
20281129,2028-11-29,29,November,4,2028
20281130,2028-11-30,30,November,4,2028
20281201,2028-12-01,1,December,4,2028
20281202,2028-12-02,2,December,4,2028
20281203,2028-12-03,3,December,4,2028
20281204,2028-12-04,4,December,4,2028
20281205,2028-12-05,5,December,4,2028
20281206,2028-12-06,6,December,4,2028
20281207,2028-12-07,7,December,4,2028
20281208,2028-12-08,8,December,4,2028
20281209,2028-12-09,9,December,4,2028
20281210,2028-12-10,10,December,4,2028
20281211,2028-12-11,11,December,4,2028
20281212,2028-12-12,12,December,4,2028
20281213,2028-12-13,13,December,4,2028
20281214,2028-12-14,14,December,4,2028
20281215,2028-12-15,15,December,4,2028
20281216,2028-12-16,16,December,4,2028
20281217,2028-12-17,17,December,4,2028
20281218,2028-12-18,18,December,4,2028
20281219,2028-12-19,19,December,4,2028
20281220,2028-12-20,20,December,4,2028
20281221,2028-12-21,21,December,4,2028
20281222,2028-12-22,22,December,4,2028
20281223,2028-12-23,23,December,4,2028
20281224,2028-12-24,24,December,4,2028
20281225,2028-12-25,25,December,4,2028
20281226,2028-12-26,26,December,4,2028
20281227,2028-12-27,27,December,4,2028
20281228,2028-12-28,28,December,4,2028
20281229,2028-12-29,29,December,4,2028
20281230,2028-12-30,30,December,4,2028
20281231,2028-12-31,31,December,4,2028
